taz_p,rg_proposed
1,Core Cities
2,Core Cities
3,Core Cities
4,Core Cities
5,Core Cities
6,Core Cities
7,Core Cities
8,Core Cities
9,Core Cities
10,Core Cities
11,Core Cities
12,Core Cities
13,Core Cities
14,Core Cities
15,Core Cities
16,Core Cities
17,Core Cities
18,Core Cities
19,Core Cities
20,Core Cities
21,Core Cities
22,Core Cities
23,Core Cities
24,Core Cities
25,Core Cities
26,Core Cities
27,Core Cities
28,Core Cities
29,Core Cities
30,Core Cities
31,Core Cities
32,Core Cities
33,Core Cities
34,Core Cities
35,Core Cities
36,Core Cities
37,Core Cities
38,Core Cities
39,Core Cities
40,Core Cities
41,Core Cities
42,Core Cities
43,Core Cities
44,Core Cities
45,Core Cities
46,Core Cities
47,Core Cities
48,Core Cities
49,Core Cities
50,Core Cities
51,Core Cities
52,Core Cities
53,Core Cities
54,Core Cities
55,Core Cities
56,Core Cities
57,Core Cities
58,Core Cities
59,Core Cities
60,Core Cities
61,Core Cities
62,Core Cities
63,Core Cities
64,Core Cities
65,Core Cities
66,Core Cities
67,Core Cities
68,Core Cities
69,Core Cities
70,Core Cities
71,Core Cities
72,Core Cities
73,Core Cities
74,Core Cities
75,Core Cities
76,Core Cities
77,Core Cities
78,Core Cities
79,Core Cities
80,Core Cities
81,Core Cities
82,Core Cities
83,Core Cities
84,Core Cities
85,Core Cities
86,Core Cities
87,Core Cities
88,Core Cities
89,Core Cities
90,Core Cities
91,Core Cities
92,Core Cities
93,Core Cities
94,Core Cities
95,Core Cities
96,Core Cities
97,Core Cities
98,Core Cities
99,Core Cities
100,Core Cities
101,Core Cities
102,Core Cities
103,Core Cities
104,Core Cities
105,Core Cities
106,Core Cities
107,Core Cities
108,Core Cities
109,Core Cities
110,Core Cities
111,Core Cities
112,Core Cities
113,Core Cities
114,Core Cities
115,Core Cities
116,Core Cities
117,Core Cities
118,Core Cities
119,Core Cities
120,Core Cities
121,Core Cities
122,Core Cities
123,Core Cities
124,Core Cities
125,Core Cities
126,Core Cities
127,Core Cities
128,Core Cities
129,Core Cities
130,Core Cities
131,Core Cities
132,Core Cities
133,Core Cities
134,Core Cities
135,Core Cities
136,Core Cities
137,Core Cities
138,Core Cities
139,Core Cities
140,Core Cities
141,Core Cities
142,Core Cities
143,Core Cities
144,Core Cities
145,Core Cities
146,Core Cities
147,Core Cities
148,Core Cities
149,Core Cities
150,Core Cities
151,Core Cities
152,Core Cities
153,Core Cities
154,Core Cities
155,Core Cities
156,Core Cities
157,Core Cities
158,Core Cities
159,Core Cities
160,Core Cities
161,Core Cities
162,Core Cities
163,Core Cities
164,Core Cities
165,Core Cities
166,Core Cities
167,Core Cities
168,Core Cities
169,Core Cities
170,Core Cities
171,Core Cities
172,Core Cities
173,Core Cities
174,Core Cities
175,Core Cities
176,Core Cities
177,Core Cities
178,Core Cities
179,HCT Communities
180,HCT Communities
181,HCT Communities
182,Core Cities
183,HCT Communities
184,HCT Communities
185,HCT Communities
186,HCT Communities
187,HCT Communities
188,HCT Communities
189,HCT Communities
190,HCT Communities
191,HCT Communities
192,HCT Communities
193,HCT Communities
194,HCT Communities
195,HCT Communities
196,HCT Communities
197,HCT Communities
198,HCT Communities
199,HCT Communities
200,HCT Communities
201,HCT Communities
202,HCT Communities
203,HCT Communities
204,Core Cities
205,HCT Communities
206,HCT Communities
207,HCT Communities
208,HCT Communities
209,HCT Communities
210,HCT Communities
211,Metropolitan Cities
212,Metropolitan Cities
213,Metropolitan Cities
214,Metropolitan Cities
215,Metropolitan Cities
216,Metropolitan Cities
217,Metropolitan Cities
218,Metropolitan Cities
219,Metropolitan Cities
220,Metropolitan Cities
221,Metropolitan Cities
222,Metropolitan Cities
223,Metropolitan Cities
224,Metropolitan Cities
225,Metropolitan Cities
226,Metropolitan Cities
227,Metropolitan Cities
228,Metropolitan Cities
229,Metropolitan Cities
230,Metropolitan Cities
231,Metropolitan Cities
232,Metropolitan Cities
233,Metropolitan Cities
234,Metropolitan Cities
235,Metropolitan Cities
236,Metropolitan Cities
237,Metropolitan Cities
238,Metropolitan Cities
239,Metropolitan Cities
240,Metropolitan Cities
241,Metropolitan Cities
242,Metropolitan Cities
243,Metropolitan Cities
244,Metropolitan Cities
245,Metropolitan Cities
246,Metropolitan Cities
247,Metropolitan Cities
248,Metropolitan Cities
249,Metropolitan Cities
250,Metropolitan Cities
251,Metropolitan Cities
252,Metropolitan Cities
253,Metropolitan Cities
254,Metropolitan Cities
255,Metropolitan Cities
256,Metropolitan Cities
257,Metropolitan Cities
258,Metropolitan Cities
259,Metropolitan Cities
260,Metropolitan Cities
261,Metropolitan Cities
262,Metropolitan Cities
263,Metropolitan Cities
264,Metropolitan Cities
265,Metropolitan Cities
266,Metropolitan Cities
267,Metropolitan Cities
268,Metropolitan Cities
269,Metropolitan Cities
270,Metropolitan Cities
271,Metropolitan Cities
272,Metropolitan Cities
273,Metropolitan Cities
274,Metropolitan Cities
275,Metropolitan Cities
276,Metropolitan Cities
277,Metropolitan Cities
278,Metropolitan Cities
279,Metropolitan Cities
280,Metropolitan Cities
281,Metropolitan Cities
282,Metropolitan Cities
283,Metropolitan Cities
284,Metropolitan Cities
285,Metropolitan Cities
286,Metropolitan Cities
287,Metropolitan Cities
288,Metropolitan Cities
289,Metropolitan Cities
290,Metropolitan Cities
291,Metropolitan Cities
292,Metropolitan Cities
293,Metropolitan Cities
294,Metropolitan Cities
295,Metropolitan Cities
296,Metropolitan Cities
297,Metropolitan Cities
298,Metropolitan Cities
299,Metropolitan Cities
300,Metropolitan Cities
301,Metropolitan Cities
302,Metropolitan Cities
303,Metropolitan Cities
304,Metropolitan Cities
305,Metropolitan Cities
306,Metropolitan Cities
307,Metropolitan Cities
308,Metropolitan Cities
309,Metropolitan Cities
310,Metropolitan Cities
311,Metropolitan Cities
312,Metropolitan Cities
313,Metropolitan Cities
314,Metropolitan Cities
315,Metropolitan Cities
316,Metropolitan Cities
317,Metropolitan Cities
318,Metropolitan Cities
319,Metropolitan Cities
320,Metropolitan Cities
321,Metropolitan Cities
322,Metropolitan Cities
323,Metropolitan Cities
324,Metropolitan Cities
325,Metropolitan Cities
326,Metropolitan Cities
327,Metropolitan Cities
328,Metropolitan Cities
329,Metropolitan Cities
330,Metropolitan Cities
331,Metropolitan Cities
332,Metropolitan Cities
333,Metropolitan Cities
334,Metropolitan Cities
335,Metropolitan Cities
336,Metropolitan Cities
337,Metropolitan Cities
338,Metropolitan Cities
339,Metropolitan Cities
340,Metropolitan Cities
341,Metropolitan Cities
342,Metropolitan Cities
343,Metropolitan Cities
344,Metropolitan Cities
345,Metropolitan Cities
346,Metropolitan Cities
347,Metropolitan Cities
348,Metropolitan Cities
349,Metropolitan Cities
350,Metropolitan Cities
351,Metropolitan Cities
352,Metropolitan Cities
353,Metropolitan Cities
354,Metropolitan Cities
355,Metropolitan Cities
356,Metropolitan Cities
357,Metropolitan Cities
358,Metropolitan Cities
359,Metropolitan Cities
360,Metropolitan Cities
361,Metropolitan Cities
362,Metropolitan Cities
363,Metropolitan Cities
364,Metropolitan Cities
365,Metropolitan Cities
366,Metropolitan Cities
367,Metropolitan Cities
368,Metropolitan Cities
369,Metropolitan Cities
370,Metropolitan Cities
371,Metropolitan Cities
372,Metropolitan Cities
373,Metropolitan Cities
374,Metropolitan Cities
375,Metropolitan Cities
376,Metropolitan Cities
377,Metropolitan Cities
378,Metropolitan Cities
379,Metropolitan Cities
380,Metropolitan Cities
381,Metropolitan Cities
382,Metropolitan Cities
383,Metropolitan Cities
384,Metropolitan Cities
385,Metropolitan Cities
386,Metropolitan Cities
387,Metropolitan Cities
388,Metropolitan Cities
389,Metropolitan Cities
390,Metropolitan Cities
391,Metropolitan Cities
392,Metropolitan Cities
393,Metropolitan Cities
394,Metropolitan Cities
395,Metropolitan Cities
396,Metropolitan Cities
397,Metropolitan Cities
398,Metropolitan Cities
399,Metropolitan Cities
400,Metropolitan Cities
401,Metropolitan Cities
402,Metropolitan Cities
403,Metropolitan Cities
404,Metropolitan Cities
405,Metropolitan Cities
406,Metropolitan Cities
407,Metropolitan Cities
408,Metropolitan Cities
409,Metropolitan Cities
410,Metropolitan Cities
411,Metropolitan Cities
412,Metropolitan Cities
413,Metropolitan Cities
414,Metropolitan Cities
415,Metropolitan Cities
416,Metropolitan Cities
417,Metropolitan Cities
418,Metropolitan Cities
419,Metropolitan Cities
420,Metropolitan Cities
421,Metropolitan Cities
422,Metropolitan Cities
423,Metropolitan Cities
424,Metropolitan Cities
425,Metropolitan Cities
426,Metropolitan Cities
427,Metropolitan Cities
428,Metropolitan Cities
429,Metropolitan Cities
430,Metropolitan Cities
431,Metropolitan Cities
432,Metropolitan Cities
433,Metropolitan Cities
434,Metropolitan Cities
435,Metropolitan Cities
436,Metropolitan Cities
437,Metropolitan Cities
438,Metropolitan Cities
439,Metropolitan Cities
440,Metropolitan Cities
441,Metropolitan Cities
442,Metropolitan Cities
443,Metropolitan Cities
444,Metropolitan Cities
445,Metropolitan Cities
446,Metropolitan Cities
447,Metropolitan Cities
448,Metropolitan Cities
449,Metropolitan Cities
450,Metropolitan Cities
451,Metropolitan Cities
452,Metropolitan Cities
453,Metropolitan Cities
454,Metropolitan Cities
455,Metropolitan Cities
456,Metropolitan Cities
457,Metropolitan Cities
458,Metropolitan Cities
459,Metropolitan Cities
460,Metropolitan Cities
461,Metropolitan Cities
462,Metropolitan Cities
463,Metropolitan Cities
464,Metropolitan Cities
465,Metropolitan Cities
466,Metropolitan Cities
467,Metropolitan Cities
468,Metropolitan Cities
469,Metropolitan Cities
470,Metropolitan Cities
471,Metropolitan Cities
472,Metropolitan Cities
473,Metropolitan Cities
474,Metropolitan Cities
475,Metropolitan Cities
476,Metropolitan Cities
477,Metropolitan Cities
478,Metropolitan Cities
479,Metropolitan Cities
480,Metropolitan Cities
481,Metropolitan Cities
482,Metropolitan Cities
483,Metropolitan Cities
484,Metropolitan Cities
485,Metropolitan Cities
486,Metropolitan Cities
487,Metropolitan Cities
488,Metropolitan Cities
489,Metropolitan Cities
490,Metropolitan Cities
491,Metropolitan Cities
492,Metropolitan Cities
493,Metropolitan Cities
494,Metropolitan Cities
495,Metropolitan Cities
496,Metropolitan Cities
497,Metropolitan Cities
498,Metropolitan Cities
499,Metropolitan Cities
500,Metropolitan Cities
501,Metropolitan Cities
502,Metropolitan Cities
503,Metropolitan Cities
504,Metropolitan Cities
505,Metropolitan Cities
506,Metropolitan Cities
507,Metropolitan Cities
508,Metropolitan Cities
509,Metropolitan Cities
510,Metropolitan Cities
511,Metropolitan Cities
512,Metropolitan Cities
513,Metropolitan Cities
514,Metropolitan Cities
515,Metropolitan Cities
516,Metropolitan Cities
517,Metropolitan Cities
518,Metropolitan Cities
519,Metropolitan Cities
520,Metropolitan Cities
521,Metropolitan Cities
522,Metropolitan Cities
523,Metropolitan Cities
524,Metropolitan Cities
525,Metropolitan Cities
526,Metropolitan Cities
527,Metropolitan Cities
528,Metropolitan Cities
529,Metropolitan Cities
530,Metropolitan Cities
531,Metropolitan Cities
532,Metropolitan Cities
533,Metropolitan Cities
534,Metropolitan Cities
535,Metropolitan Cities
536,Metropolitan Cities
537,Metropolitan Cities
538,Metropolitan Cities
539,Metropolitan Cities
540,Metropolitan Cities
541,Metropolitan Cities
542,Metropolitan Cities
543,Metropolitan Cities
544,Metropolitan Cities
545,Metropolitan Cities
546,Metropolitan Cities
547,Metropolitan Cities
548,Metropolitan Cities
549,Metropolitan Cities
550,Metropolitan Cities
551,Metropolitan Cities
552,Metropolitan Cities
553,Metropolitan Cities
554,Metropolitan Cities
555,Metropolitan Cities
556,Metropolitan Cities
557,Metropolitan Cities
558,Metropolitan Cities
559,Metropolitan Cities
560,Metropolitan Cities
561,Metropolitan Cities
562,Metropolitan Cities
563,Metropolitan Cities
564,Metropolitan Cities
565,Metropolitan Cities
566,Metropolitan Cities
567,Metropolitan Cities
568,Metropolitan Cities
569,Metropolitan Cities
570,Metropolitan Cities
571,Metropolitan Cities
572,Metropolitan Cities
573,Metropolitan Cities
574,Metropolitan Cities
575,Metropolitan Cities
576,Metropolitan Cities
577,Metropolitan Cities
578,Metropolitan Cities
579,Metropolitan Cities
580,Metropolitan Cities
581,Metropolitan Cities
582,Metropolitan Cities
583,Metropolitan Cities
584,Metropolitan Cities
585,Metropolitan Cities
586,Metropolitan Cities
587,Metropolitan Cities
588,Metropolitan Cities
589,Metropolitan Cities
590,Metropolitan Cities
591,Metropolitan Cities
592,Metropolitan Cities
593,Metropolitan Cities
594,Metropolitan Cities
595,Metropolitan Cities
596,Metropolitan Cities
597,Metropolitan Cities
598,Metropolitan Cities
599,Metropolitan Cities
600,Metropolitan Cities
601,Metropolitan Cities
602,Metropolitan Cities
603,Metropolitan Cities
604,Metropolitan Cities
605,Metropolitan Cities
606,Metropolitan Cities
607,Metropolitan Cities
608,Metropolitan Cities
609,Metropolitan Cities
610,Metropolitan Cities
611,Metropolitan Cities
612,Metropolitan Cities
613,Metropolitan Cities
614,Metropolitan Cities
615,Metropolitan Cities
616,Metropolitan Cities
617,Metropolitan Cities
618,Metropolitan Cities
619,Metropolitan Cities
620,Metropolitan Cities
621,Metropolitan Cities
622,Metropolitan Cities
623,Metropolitan Cities
624,Metropolitan Cities
625,Metropolitan Cities
626,Metropolitan Cities
627,Metropolitan Cities
628,Metropolitan Cities
629,Metropolitan Cities
630,Metropolitan Cities
631,Metropolitan Cities
632,Metropolitan Cities
633,Metropolitan Cities
634,Metropolitan Cities
635,Metropolitan Cities
636,Metropolitan Cities
637,Metropolitan Cities
638,Metropolitan Cities
639,Metropolitan Cities
640,Metropolitan Cities
641,Metropolitan Cities
642,Metropolitan Cities
643,Metropolitan Cities
644,Metropolitan Cities
645,Metropolitan Cities
646,Metropolitan Cities
647,Metropolitan Cities
648,Metropolitan Cities
649,Metropolitan Cities
650,Metropolitan Cities
651,Metropolitan Cities
652,Metropolitan Cities
653,Metropolitan Cities
654,Metropolitan Cities
655,Metropolitan Cities
656,Metropolitan Cities
657,Metropolitan Cities
658,Metropolitan Cities
659,Metropolitan Cities
660,Metropolitan Cities
661,Metropolitan Cities
662,Metropolitan Cities
663,Metropolitan Cities
664,Metropolitan Cities
665,Metropolitan Cities
666,Metropolitan Cities
667,Metropolitan Cities
668,Metropolitan Cities
669,Metropolitan Cities
670,Metropolitan Cities
671,Metropolitan Cities
672,Metropolitan Cities
673,Metropolitan Cities
674,Metropolitan Cities
675,Metropolitan Cities
676,Metropolitan Cities
677,Metropolitan Cities
678,Metropolitan Cities
679,Metropolitan Cities
680,Metropolitan Cities
681,Metropolitan Cities
682,Metropolitan Cities
683,Metropolitan Cities
684,Metropolitan Cities
685,Metropolitan Cities
686,Metropolitan Cities
687,Metropolitan Cities
688,Metropolitan Cities
689,Metropolitan Cities
690,Metropolitan Cities
691,Metropolitan Cities
692,Metropolitan Cities
693,Metropolitan Cities
694,Metropolitan Cities
695,Metropolitan Cities
696,Metropolitan Cities
697,Metropolitan Cities
698,Metropolitan Cities
699,Metropolitan Cities
700,Metropolitan Cities
701,Metropolitan Cities
702,Metropolitan Cities
703,Metropolitan Cities
704,Metropolitan Cities
705,Metropolitan Cities
706,Metropolitan Cities
707,Metropolitan Cities
708,Metropolitan Cities
709,Metropolitan Cities
710,Metropolitan Cities
711,Metropolitan Cities
712,Metropolitan Cities
713,Metropolitan Cities
714,Metropolitan Cities
715,Metropolitan Cities
716,Metropolitan Cities
717,Metropolitan Cities
718,Metropolitan Cities
719,Metropolitan Cities
720,Metropolitan Cities
721,Metropolitan Cities
722,Metropolitan Cities
723,Metropolitan Cities
724,Metropolitan Cities
725,Metropolitan Cities
726,Metropolitan Cities
727,Metropolitan Cities
728,Metropolitan Cities
729,Metropolitan Cities
730,Metropolitan Cities
731,Metropolitan Cities
732,Metropolitan Cities
733,Metropolitan Cities
734,Metropolitan Cities
735,Metropolitan Cities
736,Metropolitan Cities
737,Metropolitan Cities
738,Metropolitan Cities
739,Metropolitan Cities
740,Metropolitan Cities
741,Metropolitan Cities
742,Metropolitan Cities
743,Metropolitan Cities
744,Metropolitan Cities
745,Metropolitan Cities
746,Metropolitan Cities
747,Metropolitan Cities
748,Metropolitan Cities
749,Metropolitan Cities
750,Metropolitan Cities
751,Metropolitan Cities
752,Metropolitan Cities
753,Metropolitan Cities
754,Metropolitan Cities
755,Metropolitan Cities
756,Metropolitan Cities
757,Metropolitan Cities
758,Metropolitan Cities
759,Metropolitan Cities
760,Metropolitan Cities
761,Metropolitan Cities
762,Metropolitan Cities
763,Metropolitan Cities
764,Metropolitan Cities
765,Metropolitan Cities
766,Metropolitan Cities
767,Metropolitan Cities
768,Metropolitan Cities
769,Metropolitan Cities
770,Metropolitan Cities
771,Metropolitan Cities
772,Metropolitan Cities
773,Metropolitan Cities
774,Metropolitan Cities
775,Metropolitan Cities
776,Metropolitan Cities
777,Metropolitan Cities
778,Metropolitan Cities
779,Metropolitan Cities
780,Metropolitan Cities
781,Metropolitan Cities
782,Metropolitan Cities
783,Metropolitan Cities
784,Metropolitan Cities
785,Metropolitan Cities
786,Metropolitan Cities
787,Metropolitan Cities
788,Metropolitan Cities
789,Metropolitan Cities
790,Metropolitan Cities
791,Metropolitan Cities
792,Metropolitan Cities
793,Metropolitan Cities
794,Metropolitan Cities
795,Metropolitan Cities
796,Metropolitan Cities
797,Metropolitan Cities
798,Metropolitan Cities
799,Metropolitan Cities
800,Metropolitan Cities
801,Metropolitan Cities
802,Metropolitan Cities
803,Metropolitan Cities
804,Metropolitan Cities
805,Metropolitan Cities
806,Metropolitan Cities
807,Metropolitan Cities
808,Metropolitan Cities
809,Metropolitan Cities
810,Metropolitan Cities
811,Metropolitan Cities
812,Metropolitan Cities
813,Metropolitan Cities
814,Metropolitan Cities
815,Metropolitan Cities
816,Metropolitan Cities
817,Metropolitan Cities
818,Metropolitan Cities
819,Metropolitan Cities
820,Metropolitan Cities
821,Metropolitan Cities
822,Metropolitan Cities
823,Metropolitan Cities
824,Metropolitan Cities
825,Metropolitan Cities
826,Metropolitan Cities
827,Metropolitan Cities
828,Metropolitan Cities
829,Metropolitan Cities
830,Metropolitan Cities
831,Metropolitan Cities
832,Metropolitan Cities
833,Metropolitan Cities
834,Metropolitan Cities
835,Metropolitan Cities
836,Metropolitan Cities
837,Metropolitan Cities
838,Metropolitan Cities
839,Metropolitan Cities
840,Metropolitan Cities
841,Metropolitan Cities
842,Metropolitan Cities
843,Metropolitan Cities
844,Metropolitan Cities
845,Metropolitan Cities
846,Metropolitan Cities
847,Metropolitan Cities
848,Metropolitan Cities
849,Metropolitan Cities
850,Metropolitan Cities
851,Metropolitan Cities
852,Metropolitan Cities
853,Metropolitan Cities
854,Metropolitan Cities
855,Metropolitan Cities
856,Metropolitan Cities
857,Metropolitan Cities
858,Metropolitan Cities
859,Metropolitan Cities
860,Metropolitan Cities
861,Metropolitan Cities
862,Metropolitan Cities
863,Metropolitan Cities
864,Metropolitan Cities
865,Metropolitan Cities
866,Metropolitan Cities
867,Metropolitan Cities
868,Metropolitan Cities
869,Metropolitan Cities
870,Metropolitan Cities
871,Metropolitan Cities
872,Metropolitan Cities
873,Metropolitan Cities
874,Metropolitan Cities
875,Metropolitan Cities
876,Metropolitan Cities
877,Metropolitan Cities
878,Metropolitan Cities
879,Metropolitan Cities
880,Metropolitan Cities
881,Metropolitan Cities
882,Metropolitan Cities
883,Metropolitan Cities
884,Metropolitan Cities
885,Metropolitan Cities
886,Metropolitan Cities
887,Metropolitan Cities
888,Metropolitan Cities
889,Metropolitan Cities
890,Metropolitan Cities
891,Metropolitan Cities
892,Metropolitan Cities
893,Metropolitan Cities
894,Metropolitan Cities
895,Metropolitan Cities
896,Metropolitan Cities
897,Metropolitan Cities
898,Metropolitan Cities
899,Metropolitan Cities
900,Metropolitan Cities
901,Metropolitan Cities
902,Metropolitan Cities
903,Metropolitan Cities
904,Metropolitan Cities
905,Metropolitan Cities
906,Metropolitan Cities
907,Metropolitan Cities
908,Metropolitan Cities
909,Metropolitan Cities
910,Metropolitan Cities
911,Metropolitan Cities
912,Metropolitan Cities
913,Metropolitan Cities
914,Metropolitan Cities
915,Metropolitan Cities
916,Metropolitan Cities
917,Metropolitan Cities
918,Metropolitan Cities
919,Metropolitan Cities
920,Metropolitan Cities
921,Metropolitan Cities
922,Metropolitan Cities
923,Metropolitan Cities
924,Metropolitan Cities
925,Metropolitan Cities
926,Metropolitan Cities
927,Metropolitan Cities
928,Metropolitan Cities
929,Metropolitan Cities
930,Metropolitan Cities
931,Metropolitan Cities
932,Metropolitan Cities
933,Metropolitan Cities
934,Metropolitan Cities
935,Metropolitan Cities
936,Metropolitan Cities
937,Metropolitan Cities
938,Metropolitan Cities
939,Metropolitan Cities
940,Metropolitan Cities
941,Metropolitan Cities
942,Metropolitan Cities
943,Metropolitan Cities
944,Metropolitan Cities
945,Metropolitan Cities
946,Metropolitan Cities
947,Metropolitan Cities
948,Metropolitan Cities
949,Metropolitan Cities
950,Metropolitan Cities
951,Metropolitan Cities
952,Metropolitan Cities
953,Metropolitan Cities
954,Metropolitan Cities
955,Metropolitan Cities
956,Metropolitan Cities
957,Metropolitan Cities
958,Metropolitan Cities
959,Metropolitan Cities
960,Metropolitan Cities
961,Metropolitan Cities
962,Metropolitan Cities
963,Metropolitan Cities
964,Metropolitan Cities
965,Metropolitan Cities
966,Metropolitan Cities
967,Metropolitan Cities
968,Metropolitan Cities
969,Metropolitan Cities
970,Metropolitan Cities
971,Metropolitan Cities
972,Metropolitan Cities
973,Metropolitan Cities
974,Metropolitan Cities
975,Metropolitan Cities
976,Metropolitan Cities
977,Metropolitan Cities
978,Metropolitan Cities
979,Metropolitan Cities
980,Metropolitan Cities
981,Metropolitan Cities
982,Metropolitan Cities
983,Metropolitan Cities
984,Metropolitan Cities
985,Metropolitan Cities
986,Metropolitan Cities
987,Metropolitan Cities
988,Metropolitan Cities
989,Metropolitan Cities
990,Metropolitan Cities
991,Metropolitan Cities
992,Metropolitan Cities
993,HCT Communities
994,HCT Communities
995,HCT Communities
996,HCT Communities
997,HCT Communities
998,HCT Communities
999,HCT Communities
1000,HCT Communities
1001,HCT Communities
1002,HCT Communities
1003,HCT Communities
1004,HCT Communities
1005,HCT Communities
1006,HCT Communities
1007,Core Cities
1008,Core Cities
1009,HCT Communities
1010,HCT Communities
1011,Core Cities
1012,Core Cities
1013,Core Cities
1014,HCT Communities
1015,HCT Communities
1016,HCT Communities
1017,HCT Communities
1018,HCT Communities
1019,HCT Communities
1020,HCT Communities
1021,HCT Communities
1022,Core Cities
1023,HCT Communities
1024,Core Cities
1025,Core Cities
1026,Core Cities
1027,Core Cities
1028,Core Cities
1029,Core Cities
1030,Core Cities
1031,Core Cities
1032,HCT Communities
1033,HCT Communities
1034,HCT Communities
1035,HCT Communities
1036,HCT Communities
1037,HCT Communities
1038,HCT Communities
1039,HCT Communities
1040,HCT Communities
1041,HCT Communities
1042,HCT Communities
1043,Core Cities
1044,Core Cities
1045,Core Cities
1046,Core Cities
1047,Core Cities
1048,Core Cities
1049,Core Cities
1050,Core Cities
1051,Core Cities
1052,Core Cities
1053,Core Cities
1054,Core Cities
1055,Core Cities
1056,Core Cities
1057,Core Cities
1058,Core Cities
1059,Core Cities
1060,HCT Communities
1061,Core Cities
1062,Core Cities
1063,Core Cities
1064,Core Cities
1065,Core Cities
1066,Core Cities
1067,Core Cities
1068,Core Cities
1069,Core Cities
1070,Core Cities
1071,Core Cities
1072,Core Cities
1073,Core Cities
1074,Core Cities
1075,Core Cities
1076,Core Cities
1077,Core Cities
1078,Core Cities
1079,Core Cities
1080,Core Cities
1081,Core Cities
1082,Core Cities
1083,Core Cities
1084,Core Cities
1085,Core Cities
1086,Core Cities
1087,Core Cities
1088,Cities and Towns
1089,Core Cities
1090,Core Cities
1091,Core Cities
1092,Core Cities
1093,Core Cities
1094,Core Cities
1095,Core Cities
1096,Core Cities
1097,Core Cities
1098,Core Cities
1099,Cities and Towns
1100,HCT Communities
1101,Core Cities
1102,Core Cities
1103,Core Cities
1104,Core Cities
1105,Core Cities
1106,Core Cities
1107,Core Cities
1108,Core Cities
1109,Core Cities
1110,Core Cities
1111,Core Cities
1112,Core Cities
1113,Urban Unincorporated
1114,Core Cities
1115,Core Cities
1116,Core Cities
1117,Core Cities
1118,Core Cities
1119,HCT Communities
1120,HCT Communities
1121,HCT Communities
1122,HCT Communities
1123,HCT Communities
1124,HCT Communities
1125,Core Cities
1126,Core Cities
1127,Core Cities
1128,Core Cities
1129,Core Cities
1130,HCT Communities
1131,HCT Communities
1132,Core Cities
1133,Core Cities
1134,Core Cities
1135,Core Cities
1136,HCT Communities
1137,Core Cities
1138,Core Cities
1139,Core Cities
1140,Core Cities
1141,Core Cities
1142,Core Cities
1143,Core Cities
1144,Core Cities
1145,Core Cities
1146,Core Cities
1147,Core Cities
1148,HCT Communities
1149,HCT Communities
1150,Core Cities
1151,Core Cities
1152,Core Cities
1153,Core Cities
1154,Core Cities
1155,HCT Communities
1156,HCT Communities
1157,Core Cities
1158,Core Cities
1159,Core Cities
1160,Core Cities
1161,Core Cities
1162,Core Cities
1163,Core Cities
1164,Core Cities
1165,Core Cities
1166,Core Cities
1167,Core Cities
1168,Core Cities
1169,Core Cities
1170,Core Cities
1171,Core Cities
1172,Core Cities
1173,Core Cities
1174,Core Cities
1175,Core Cities
1176,Core Cities
1177,Core Cities
1178,Core Cities
1179,Core Cities
1180,Core Cities
1181,Core Cities
1182,Core Cities
1183,Core Cities
1184,HCT Communities
1185,HCT Communities
1186,HCT Communities
1187,HCT Communities
1188,Core Cities
1189,Core Cities
1190,Core Cities
1191,Core Cities
1192,Core Cities
1193,Core Cities
1194,Core Cities
1195,Core Cities
1196,Core Cities
1197,Core Cities
1198,Core Cities
1199,Core Cities
1200,Core Cities
1201,Core Cities
1202,Core Cities
1203,Core Cities
1204,Urban Unincorporated
1205,HCT Communities
1206,HCT Communities
1207,HCT Communities
1208,Urban Unincorporated
1209,Urban Unincorporated
1210,Cities and Towns
1211,Cities and Towns
1212,Core Cities
1213,Core Cities
1214,Core Cities
1215,Core Cities
1216,Cities and Towns
1217,Cities and Towns
1218,Cities and Towns
1219,Cities and Towns
1220,Core Cities
1221,Core Cities
1222,Core Cities
1223,Core Cities
1224,Core Cities
1225,Rural
1226,Core Cities
1227,Core Cities
1228,Core Cities
1229,Core Cities
1230,Core Cities
1231,Core Cities
1232,Core Cities
1233,Core Cities
1234,Core Cities
1235,Core Cities
1236,Core Cities
1237,Core Cities
1238,Core Cities
1239,Core Cities
1240,Core Cities
1241,Core Cities
1242,Core Cities
1243,Core Cities
1244,Core Cities
1245,Core Cities
1246,Core Cities
1247,Core Cities
1248,Core Cities
1249,Core Cities
1250,Core Cities
1251,Core Cities
1252,Core Cities
1253,Core Cities
1254,Core Cities
1255,Core Cities
1256,Core Cities
1257,Core Cities
1258,Core Cities
1259,Core Cities
1260,Core Cities
1261,Core Cities
1262,Core Cities
1263,Core Cities
1264,Core Cities
1265,Core Cities
1266,Core Cities
1267,Core Cities
1268,Core Cities
1269,Core Cities
1270,Core Cities
1271,Core Cities
1272,Core Cities
1273,Core Cities
1274,Core Cities
1275,Rural
1276,Core Cities
1277,Core Cities
1278,Core Cities
1279,Core Cities
1280,Core Cities
1281,Core Cities
1282,Core Cities
1283,Core Cities
1284,Core Cities
1285,Core Cities
1286,Core Cities
1287,Cities and Towns
1288,Cities and Towns
1289,Rural
1290,Cities and Towns
1291,Cities and Towns
1292,Cities and Towns
1293,Core Cities
1294,Core Cities
1295,Core Cities
1296,Core Cities
1297,Core Cities
1298,Core Cities
1299,Core Cities
1300,Core Cities
1301,Core Cities
1302,Core Cities
1303,Core Cities
1304,Core Cities
1305,Core Cities
1306,Core Cities
1307,Core Cities
1308,Core Cities
1309,Core Cities
1310,Core Cities
1311,Core Cities
1312,Core Cities
1313,Core Cities
1314,Core Cities
1315,Core Cities
1316,Core Cities
1317,Core Cities
1318,Core Cities
1319,Core Cities
1320,Core Cities
1321,Core Cities
1322,Core Cities
1323,Core Cities
1324,Core Cities
1325,Core Cities
1326,Core Cities
1327,Core Cities
1328,Rural
1329,Rural
1330,Rural
1331,Rural
1332,Rural
1333,Rural
1334,Rural
1335,Rural
1336,Rural
1337,Rural
1338,Rural
1339,Rural
1340,Core Cities
1341,Rural
1342,HCT Communities
1343,HCT Communities
1344,Core Cities
1345,Core Cities
1346,Core Cities
1347,Core Cities
1348,Core Cities
1349,Core Cities
1350,Core Cities
1351,Core Cities
1352,Core Cities
1353,Core Cities
1354,Core Cities
1355,Core Cities
1356,Core Cities
1357,Core Cities
1358,Core Cities
1359,Core Cities
1360,Core Cities
1361,Core Cities
1362,Core Cities
1363,Core Cities
1364,Core Cities
1365,Core Cities
1366,HCT Communities
1367,HCT Communities
1368,HCT Communities
1369,HCT Communities
1370,HCT Communities
1371,Rural
1372,Rural
1373,Rural
1374,Rural
1375,Rural
1376,Rural
1377,Rural
1378,Rural
1379,Rural
1380,Rural
1381,HCT Communities
1382,HCT Communities
1383,HCT Communities
1384,HCT Communities
1385,Core Cities
1386,HCT Communities
1387,HCT Communities
1388,Core Cities
1389,HCT Communities
1390,Core Cities
1391,Core Cities
1392,Core Cities
1393,Core Cities
1394,Core Cities
1395,Core Cities
1396,Core Cities
1397,Core Cities
1398,Core Cities
1399,Core Cities
1400,Core Cities
1401,Core Cities
1402,Core Cities
1403,Core Cities
1404,Core Cities
1405,Core Cities
1406,Core Cities
1407,Core Cities
1408,Core Cities
1409,Core Cities
1410,Core Cities
1411,Core Cities
1412,Core Cities
1413,Core Cities
1414,Core Cities
1415,Core Cities
1416,Core Cities
1417,HCT Communities
1418,Core Cities
1419,Core Cities
1420,Rural
1421,HCT Communities
1422,Core Cities
1423,Core Cities
1424,HCT Communities
1425,HCT Communities
1426,Rural
1427,Rural
1428,Rural
1429,Rural
1430,Rural
1431,Rural
1432,Rural
1433,Rural
1434,Rural
1435,Rural
1436,Rural
1437,Rural
1438,Rural
1439,Rural
1440,Rural
1441,Core Cities
1442,Rural
1443,Rural
1444,Core Cities
1445,Core Cities
1446,Core Cities
1447,Core Cities
1448,Core Cities
1449,Core Cities
1450,Core Cities
1451,Core Cities
1452,Core Cities
1453,Core Cities
1454,Core Cities
1455,Core Cities
1456,Core Cities
1457,Core Cities
1458,Core Cities
1459,Core Cities
1460,Core Cities
1461,Core Cities
1462,Core Cities
1463,Core Cities
1464,Core Cities
1465,Core Cities
1466,Core Cities
1467,Core Cities
1468,Core Cities
1469,Core Cities
1470,Core Cities
1471,Core Cities
1472,HCT Communities
1473,HCT Communities
1474,Metropolitan Cities
1475,HCT Communities
1476,HCT Communities
1477,HCT Communities
1478,Metropolitan Cities
1479,HCT Communities
1480,HCT Communities
1481,HCT Communities
1482,HCT Communities
1483,HCT Communities
1484,Metropolitan Cities
1485,Metropolitan Cities
1486,Urban Unincorporated
1487,Core Cities
1488,Core Cities
1489,Core Cities
1490,Core Cities
1491,Core Cities
1492,Core Cities
1493,Core Cities
1494,Core Cities
1495,Core Cities
1496,Core Cities
1497,Core Cities
1498,Core Cities
1499,Core Cities
1500,Core Cities
1501,Core Cities
1502,Core Cities
1503,Urban Unincorporated
1504,Core Cities
1505,Metropolitan Cities
1506,Metropolitan Cities
1507,Metropolitan Cities
1508,Metropolitan Cities
1509,Metropolitan Cities
1510,Metropolitan Cities
1511,Metropolitan Cities
1512,Metropolitan Cities
1513,Metropolitan Cities
1514,Metropolitan Cities
1515,Metropolitan Cities
1516,Metropolitan Cities
1517,Metropolitan Cities
1518,Metropolitan Cities
1519,Metropolitan Cities
1520,Metropolitan Cities
1521,Metropolitan Cities
1522,Metropolitan Cities
1523,Metropolitan Cities
1524,Metropolitan Cities
1525,Metropolitan Cities
1526,Metropolitan Cities
1527,Metropolitan Cities
1528,Metropolitan Cities
1529,Metropolitan Cities
1530,Metropolitan Cities
1531,Metropolitan Cities
1532,Metropolitan Cities
1533,Metropolitan Cities
1534,HCT Communities
1535,HCT Communities
1536,HCT Communities
1537,HCT Communities
1538,HCT Communities
1539,HCT Communities
1540,HCT Communities
1541,HCT Communities
1542,HCT Communities
1543,HCT Communities
1544,HCT Communities
1545,HCT Communities
1546,HCT Communities
1547,HCT Communities
1548,HCT Communities
1549,HCT Communities
1550,HCT Communities
1551,HCT Communities
1552,HCT Communities
1553,Metropolitan Cities
1554,Metropolitan Cities
1555,Metropolitan Cities
1556,Metropolitan Cities
1557,Metropolitan Cities
1558,Metropolitan Cities
1559,Metropolitan Cities
1560,Metropolitan Cities
1561,Metropolitan Cities
1562,Metropolitan Cities
1563,Metropolitan Cities
1564,Metropolitan Cities
1565,Metropolitan Cities
1566,Metropolitan Cities
1567,Metropolitan Cities
1568,Metropolitan Cities
1569,Metropolitan Cities
1570,Metropolitan Cities
1571,Metropolitan Cities
1572,Core Cities
1573,Metropolitan Cities
1574,Metropolitan Cities
1575,Metropolitan Cities
1576,Metropolitan Cities
1577,Metropolitan Cities
1578,Metropolitan Cities
1579,Metropolitan Cities
1580,Metropolitan Cities
1581,Metropolitan Cities
1582,Metropolitan Cities
1583,Metropolitan Cities
1584,Metropolitan Cities
1585,Metropolitan Cities
1586,Metropolitan Cities
1587,Metropolitan Cities
1588,Metropolitan Cities
1589,Metropolitan Cities
1590,Metropolitan Cities
1591,Metropolitan Cities
1592,Metropolitan Cities
1593,Metropolitan Cities
1594,Metropolitan Cities
1595,Cities and Towns
1596,Cities and Towns
1597,Metropolitan Cities
1598,Metropolitan Cities
1599,Metropolitan Cities
1600,Metropolitan Cities
1601,Metropolitan Cities
1602,Metropolitan Cities
1603,Metropolitan Cities
1604,Metropolitan Cities
1605,Metropolitan Cities
1606,Metropolitan Cities
1607,Metropolitan Cities
1608,Metropolitan Cities
1609,Metropolitan Cities
1610,Metropolitan Cities
1611,Metropolitan Cities
1612,Metropolitan Cities
1613,Metropolitan Cities
1614,Metropolitan Cities
1615,Metropolitan Cities
1616,Metropolitan Cities
1617,Metropolitan Cities
1618,Metropolitan Cities
1619,Metropolitan Cities
1620,Metropolitan Cities
1621,Metropolitan Cities
1622,Metropolitan Cities
1623,Metropolitan Cities
1624,Metropolitan Cities
1625,Metropolitan Cities
1626,Metropolitan Cities
1627,Metropolitan Cities
1628,Core Cities
1629,Metropolitan Cities
1630,Metropolitan Cities
1631,Metropolitan Cities
1632,Metropolitan Cities
1633,Core Cities
1634,Metropolitan Cities
1635,Metropolitan Cities
1636,Metropolitan Cities
1637,Metropolitan Cities
1638,Metropolitan Cities
1639,Metropolitan Cities
1640,Metropolitan Cities
1641,Metropolitan Cities
1642,Metropolitan Cities
1643,Metropolitan Cities
1644,Metropolitan Cities
1645,Metropolitan Cities
1646,Cities and Towns
1647,Metropolitan Cities
1648,Cities and Towns
1649,Cities and Towns
1650,Cities and Towns
1651,Cities and Towns
1652,Cities and Towns
1653,Cities and Towns
1654,Cities and Towns
1655,Cities and Towns
1656,Metropolitan Cities
1657,Core Cities
1658,Metropolitan Cities
1659,Metropolitan Cities
1660,Metropolitan Cities
1661,Metropolitan Cities
1662,Metropolitan Cities
1663,Metropolitan Cities
1664,Metropolitan Cities
1665,Metropolitan Cities
1666,Core Cities
1667,Core Cities
1668,Metropolitan Cities
1669,Core Cities
1670,Core Cities
1671,Core Cities
1672,Metropolitan Cities
1673,Metropolitan Cities
1674,Core Cities
1675,Core Cities
1676,Core Cities
1677,Core Cities
1678,Core Cities
1679,Core Cities
1680,Core Cities
1681,Core Cities
1682,Core Cities
1683,Metropolitan Cities
1684,Metropolitan Cities
1685,Core Cities
1686,Core Cities
1687,Core Cities
1688,Core Cities
1689,Core Cities
1690,Core Cities
1691,Core Cities
1692,Core Cities
1693,Core Cities
1694,Core Cities
1695,Core Cities
1696,Core Cities
1697,Urban Unincorporated
1698,Core Cities
1699,Core Cities
1700,Core Cities
1701,Core Cities
1702,Core Cities
1703,Core Cities
1704,Core Cities
1705,Core Cities
1706,Core Cities
1707,Core Cities
1708,Core Cities
1709,Core Cities
1710,Core Cities
1711,Core Cities
1712,Rural
1713,Core Cities
1714,Core Cities
1715,Core Cities
1716,Core Cities
1717,Core Cities
1718,Core Cities
1719,Core Cities
1720,Core Cities
1721,Cities and Towns
1722,Rural
1723,Urban Unincorporated
1724,Cities and Towns
1725,HCT Communities
1726,HCT Communities
1727,HCT Communities
1728,HCT Communities
1729,Core Cities
1730,Core Cities
1731,Rural
1732,Rural
1733,Rural
1734,Rural
1735,Core Cities
1736,Core Cities
1737,Core Cities
1738,HCT Communities
1739,HCT Communities
1740,HCT Communities
1741,HCT Communities
1742,HCT Communities
1743,HCT Communities
1744,HCT Communities
1745,HCT Communities
1746,HCT Communities
1747,HCT Communities
1748,HCT Communities
1749,HCT Communities
1750,HCT Communities
1751,HCT Communities
1752,HCT Communities
1753,HCT Communities
1754,HCT Communities
1755,HCT Communities
1756,Rural
1757,Rural
1758,Cities and Towns
1759,Rural
1760,Rural
1761,Rural
1762,Cities and Towns
1763,Rural
1764,Rural
1765,Rural
1766,Rural
1767,Rural
1768,Rural
1769,Rural
1770,Rural
1771,Rural
1772,Rural
1773,Cities and Towns
1774,Rural
1775,Rural
1776,Rural
1777,Rural
1778,Rural
1779,Rural
1780,Rural
1781,Rural
1782,Cities and Towns
1783,Cities and Towns
1784,Cities and Towns
1785,Cities and Towns
1786,Cities and Towns
1787,Cities and Towns
1788,Cities and Towns
1789,Rural
1790,Cities and Towns
1791,Cities and Towns
1792,Rural
1793,Rural
1794,Rural
1795,Rural
1796,Rural
1797,Rural
1798,Rural
1799,Rural
1800,Rural
1801,Cities and Towns
1802,Cities and Towns
1803,Cities and Towns
1804,Cities and Towns
1805,Cities and Towns
1806,Cities and Towns
1807,Cities and Towns
1808,Cities and Towns
1809,Cities and Towns
1810,Cities and Towns
1811,Cities and Towns
1812,Cities and Towns
1813,Cities and Towns
1814,Cities and Towns
1815,Cities and Towns
1816,Cities and Towns
1817,Cities and Towns
1818,Core Cities
1819,Core Cities
1820,Core Cities
1821,Cities and Towns
1822,Cities and Towns
1823,Core Cities
1824,Core Cities
1825,Cities and Towns
1826,Core Cities
1827,Rural
1828,Rural
1829,Rural
1830,Cities and Towns
1831,Rural
1832,Cities and Towns
1833,Cities and Towns
1834,Cities and Towns
1835,Rural
1836,Cities and Towns
1837,Cities and Towns
1838,Cities and Towns
1839,Cities and Towns
1840,Cities and Towns
1841,Rural
1842,Rural
1843,Rural
1844,Rural
1845,Rural
1846,Rural
1847,Rural
1848,Rural
1849,Rural
1850,Rural
1851,Rural
1852,Rural
1853,Rural
1854,Cities and Towns
1855,Rural
1856,Cities and Towns
1857,Cities and Towns
1858,Cities and Towns
1859,Cities and Towns
1860,Cities and Towns
1861,Cities and Towns
1862,Cities and Towns
1863,Cities and Towns
1864,Cities and Towns
1865,Rural
1866,Rural
1867,Rural
1868,Rural
1869,Rural
1870,Cities and Towns
1871,Cities and Towns
1872,Cities and Towns
1873,Cities and Towns
1874,Cities and Towns
1875,Cities and Towns
1876,Rural
1877,Urban Unincorporated
1878,Rural
1879,Rural
1880,Rural
1881,Rural
1882,Cities and Towns
1883,Rural
1884,Rural
1885,Rural
1886,Rural
1887,Rural
1888,Rural
1889,Rural
1890,Rural
1891,Rural
1892,Rural
1893,Cities and Towns
1894,Cities and Towns
1895,Rural
1896,Rural
1897,Rural
1898,Rural
1899,Rural
1900,Rural
1901,Rural
1902,Rural
1903,Rural
1904,Rural
1905,Rural
1906,Rural
1907,Rural
1908,Core Cities
1909,Rural
1910,Rural
1911,Rural
1912,Rural
1913,Rural
1914,Rural
1915,Cities and Towns
1916,Cities and Towns
1917,Rural
1918,Cities and Towns
1919,Cities and Towns
1920,Rural
1921,Rural
1922,Rural
1923,Rural
1924,Rural
1925,Rural
1926,Cities and Towns
1927,Cities and Towns
1928,Cities and Towns
1929,Rural
1930,Rural
1931,Rural
1932,Rural
1933,Rural
1934,Rural
1935,Rural
1936,Rural
1937,Rural
1938,Rural
1939,Rural
1940,Rural
1941,Rural
1942,Rural
1943,Rural
1944,Rural
1945,Rural
1946,Cities and Towns
1947,Rural
1948,Rural
1949,Rural
1950,HCT Communities
1951,Rural
1952,Rural
1953,Rural
1954,Rural
1955,Rural
1956,Rural
1957,Rural
1958,HCT Communities
1959,Rural
1960,Rural
1961,HCT Communities
1962,HCT Communities
1963,Rural
1964,Rural
1965,Rural
1966,HCT Communities
1967,HCT Communities
1968,HCT Communities
1969,HCT Communities
1970,Rural
1971,Cities and Towns
1972,Cities and Towns
1973,Rural
1974,Rural
1975,Urban Unincorporated
1976,Rural
1977,Cities and Towns
1978,Rural
1979,Metropolitan Cities
1980,Metropolitan Cities
1981,Metropolitan Cities
1982,Metropolitan Cities
1983,Metropolitan Cities
1984,Metropolitan Cities
1985,Metropolitan Cities
1986,HCT Communities
1987,Metropolitan Cities
1988,Metropolitan Cities
1989,Metropolitan Cities
1990,Metropolitan Cities
1991,Metropolitan Cities
1992,Rural
1993,Rural
1994,Urban Unincorporated
1995,Cities and Towns
1996,Rural
1997,Rural
1998,Rural
1999,Cities and Towns
2000,Rural
2001,Rural
2002,Cities and Towns
2003,Rural
2004,Cities and Towns
2005,Cities and Towns
2006,Rural
2007,Rural
2008,Rural
2009,HCT Communities
2010,HCT Communities
2011,HCT Communities
2012,Metropolitan Cities
2013,Metropolitan Cities
2014,Metropolitan Cities
2015,Metropolitan Cities
2016,Urban Unincorporated
2017,HCT Communities
2018,HCT Communities
2019,Urban Unincorporated
2020,HCT Communities
2021,HCT Communities
2022,Metropolitan Cities
2023,HCT Communities
2024,HCT Communities
2025,HCT Communities
2026,Urban Unincorporated
2027,Rural
2028,Rural
2029,Rural
2030,Rural
2031,Urban Unincorporated
2032,HCT Communities
2033,HCT Communities
2034,HCT Communities
2035,HCT Communities
2036,HCT Communities
2037,Urban Unincorporated
2038,Core Cities
2039,Core Cities
2040,Core Cities
2041,Core Cities
2042,Core Cities
2043,HCT Communities
2044,HCT Communities
2045,HCT Communities
2046,HCT Communities
2047,Rural
2048,Rural
2049,Rural
2050,Rural
2051,Rural
2052,HCT Communities
2053,Core Cities
2054,Core Cities
2055,Core Cities
2056,HCT Communities
2057,HCT Communities
2058,HCT Communities
2059,Core Cities
2060,Core Cities
2061,HCT Communities
2062,Cities and Towns
2063,Core Cities
2064,HCT Communities
2065,Urban Unincorporated
2066,Cities and Towns
2067,HCT Communities
2068,HCT Communities
2069,HCT Communities
2070,Cities and Towns
2071,HCT Communities
2072,Core Cities
2073,Rural
2074,Rural
2075,Rural
2076,Rural
2077,Rural
2078,Rural
2079,Rural
2080,Rural
2081,Rural
2082,Rural
2083,Rural
2084,Rural
2085,Rural
2086,Rural
2087,Rural
2088,Rural
2089,Rural
2090,Rural
2091,Rural
2092,Rural
2093,Rural
2094,Rural
2095,Rural
2096,Rural
2097,Rural
2098,Rural
2099,Rural
2100,Rural
2101,Rural
2102,Rural
2103,Rural
2104,Rural
2105,Rural
2106,Rural
2107,Urban Unincorporated
2108,Rural
2109,Urban Unincorporated
2110,Cities and Towns
2111,Cities and Towns
2112,Cities and Towns
2113,Rural
2114,Cities and Towns
2115,Cities and Towns
2116,Cities and Towns
2117,Cities and Towns
2118,Rural
2119,Rural
2120,Rural
2121,Rural
2122,Urban Unincorporated
2123,Cities and Towns
2124,Cities and Towns
2125,Cities and Towns
2126,Cities and Towns
2127,Cities and Towns
2128,Cities and Towns
2129,Cities and Towns
2130,Urban Unincorporated
2131,Urban Unincorporated
2132,Cities and Towns
2133,Cities and Towns
2134,Rural
2135,Rural
2136,Rural
2137,Rural
2138,Rural
2139,Rural
2140,Rural
2141,Rural
2142,Cities and Towns
2143,Urban Unincorporated
2144,Urban Unincorporated
2145,Rural
2146,Rural
2147,Rural
2148,Rural
2149,Rural
2150,Rural
2151,Rural
2152,Rural
2153,Rural
2154,Rural
2155,Rural
2156,Rural
2157,Rural
2158,Metropolitan Cities
2159,Metropolitan Cities
2160,Metropolitan Cities
2161,Cities and Towns
2162,Metropolitan Cities
2163,Metropolitan Cities
2164,Metropolitan Cities
2165,Metropolitan Cities
2166,Metropolitan Cities
2167,Metropolitan Cities
2168,Metropolitan Cities
2169,Metropolitan Cities
2170,Metropolitan Cities
2171,Metropolitan Cities
2172,Metropolitan Cities
2173,Metropolitan Cities
2174,Metropolitan Cities
2175,Metropolitan Cities
2176,Metropolitan Cities
2177,Metropolitan Cities
2178,Metropolitan Cities
2179,Metropolitan Cities
2180,Metropolitan Cities
2181,Metropolitan Cities
2182,Metropolitan Cities
2183,Metropolitan Cities
2184,Metropolitan Cities
2185,Metropolitan Cities
2186,Metropolitan Cities
2187,Metropolitan Cities
2188,Metropolitan Cities
2189,Metropolitan Cities
2190,Metropolitan Cities
2191,Metropolitan Cities
2192,Metropolitan Cities
2193,Metropolitan Cities
2194,Metropolitan Cities
2195,Metropolitan Cities
2196,Metropolitan Cities
2197,Metropolitan Cities
2198,Metropolitan Cities
2199,Metropolitan Cities
2200,Metropolitan Cities
2201,Metropolitan Cities
2202,Metropolitan Cities
2203,Metropolitan Cities
2204,Metropolitan Cities
2205,Metropolitan Cities
2206,Metropolitan Cities
2207,Metropolitan Cities
2208,Metropolitan Cities
2209,Metropolitan Cities
2210,Metropolitan Cities
2211,Metropolitan Cities
2212,Metropolitan Cities
2213,Metropolitan Cities
2214,Metropolitan Cities
2215,Metropolitan Cities
2216,Metropolitan Cities
2217,Metropolitan Cities
2218,Metropolitan Cities
2219,Metropolitan Cities
2220,Metropolitan Cities
2221,Metropolitan Cities
2222,Metropolitan Cities
2223,Metropolitan Cities
2224,Metropolitan Cities
2225,Metropolitan Cities
2226,Metropolitan Cities
2227,Metropolitan Cities
2228,Metropolitan Cities
2229,Metropolitan Cities
2230,Metropolitan Cities
2231,Metropolitan Cities
2232,Metropolitan Cities
2233,Metropolitan Cities
2234,Metropolitan Cities
2235,Metropolitan Cities
2236,Metropolitan Cities
2237,Metropolitan Cities
2238,Metropolitan Cities
2239,Metropolitan Cities
2240,Metropolitan Cities
2241,Metropolitan Cities
2242,Metropolitan Cities
2243,Metropolitan Cities
2244,Metropolitan Cities
2245,Metropolitan Cities
2246,Metropolitan Cities
2247,Metropolitan Cities
2248,Metropolitan Cities
2249,Metropolitan Cities
2250,Metropolitan Cities
2251,Metropolitan Cities
2252,Metropolitan Cities
2253,Metropolitan Cities
2254,Metropolitan Cities
2255,Metropolitan Cities
2256,Metropolitan Cities
2257,Metropolitan Cities
2258,Metropolitan Cities
2259,Metropolitan Cities
2260,Metropolitan Cities
2261,Metropolitan Cities
2262,Metropolitan Cities
2263,Metropolitan Cities
2264,Metropolitan Cities
2265,Metropolitan Cities
2266,Metropolitan Cities
2267,Metropolitan Cities
2268,Metropolitan Cities
2269,Metropolitan Cities
2270,Metropolitan Cities
2271,Metropolitan Cities
2272,Metropolitan Cities
2273,Metropolitan Cities
2274,Metropolitan Cities
2275,Metropolitan Cities
2276,Metropolitan Cities
2277,Metropolitan Cities
2278,Metropolitan Cities
2279,Metropolitan Cities
2280,Metropolitan Cities
2281,Metropolitan Cities
2282,Metropolitan Cities
2283,Metropolitan Cities
2284,Metropolitan Cities
2285,Metropolitan Cities
2286,Metropolitan Cities
2287,Metropolitan Cities
2288,Metropolitan Cities
2289,Metropolitan Cities
2290,Metropolitan Cities
2291,Metropolitan Cities
2292,Metropolitan Cities
2293,Metropolitan Cities
2294,Metropolitan Cities
2295,Metropolitan Cities
2296,Metropolitan Cities
2297,Metropolitan Cities
2298,Metropolitan Cities
2299,Metropolitan Cities
2300,Metropolitan Cities
2301,Metropolitan Cities
2302,Metropolitan Cities
2303,Metropolitan Cities
2304,Metropolitan Cities
2305,Metropolitan Cities
2306,Metropolitan Cities
2307,Metropolitan Cities
2308,Metropolitan Cities
2309,Metropolitan Cities
2310,Metropolitan Cities
2311,Metropolitan Cities
2312,Metropolitan Cities
2313,Metropolitan Cities
2314,Metropolitan Cities
2315,Metropolitan Cities
2316,Metropolitan Cities
2317,Metropolitan Cities
2318,Metropolitan Cities
2319,Metropolitan Cities
2320,Metropolitan Cities
2321,Metropolitan Cities
2322,Metropolitan Cities
2323,Metropolitan Cities
2324,Metropolitan Cities
2325,Metropolitan Cities
2326,Metropolitan Cities
2327,Metropolitan Cities
2328,Metropolitan Cities
2329,Metropolitan Cities
2330,Metropolitan Cities
2331,Metropolitan Cities
2332,Metropolitan Cities
2333,Metropolitan Cities
2334,Metropolitan Cities
2335,Metropolitan Cities
2336,Metropolitan Cities
2337,Metropolitan Cities
2338,Metropolitan Cities
2339,Metropolitan Cities
2340,Metropolitan Cities
2341,Cities and Towns
2342,Cities and Towns
2343,Core Cities
2344,Core Cities
2345,Core Cities
2346,Core Cities
2347,Core Cities
2348,Core Cities
2349,Core Cities
2350,Core Cities
2351,Core Cities
2352,Cities and Towns
2353,Cities and Towns
2354,Metropolitan Cities
2355,Metropolitan Cities
2356,Metropolitan Cities
2357,Metropolitan Cities
2358,Metropolitan Cities
2359,Metropolitan Cities
2360,Metropolitan Cities
2361,Metropolitan Cities
2362,Metropolitan Cities
2363,Metropolitan Cities
2364,Metropolitan Cities
2365,Metropolitan Cities
2366,Metropolitan Cities
2367,Metropolitan Cities
2368,Metropolitan Cities
2369,Metropolitan Cities
2370,Metropolitan Cities
2371,Cities and Towns
2372,Core Cities
2373,Cities and Towns
2374,Urban Unincorporated
2375,Core Cities
2376,Core Cities
2377,Core Cities
2378,Core Cities
2379,Core Cities
2380,Core Cities
2381,Core Cities
2382,Core Cities
2383,Core Cities
2384,Core Cities
2385,Rural
2386,Core Cities
2387,Core Cities
2388,Core Cities
2389,Core Cities
2390,Core Cities
2391,Core Cities
2392,Core Cities
2393,Core Cities
2394,Core Cities
2395,Metropolitan Cities
2396,Metropolitan Cities
2397,Metropolitan Cities
2398,Metropolitan Cities
2399,Metropolitan Cities
2400,Metropolitan Cities
2401,Metropolitan Cities
2402,Core Cities
2403,Core Cities
2404,Core Cities
2405,Core Cities
2406,Core Cities
2407,Core Cities
2408,Cities and Towns
2409,Core Cities
2410,Core Cities
2411,Core Cities
2412,Core Cities
2413,Core Cities
2414,Core Cities
2415,Core Cities
2416,Metropolitan Cities
2417,Core Cities
2418,Metropolitan Cities
2419,Metropolitan Cities
2420,Core Cities
2421,Core Cities
2422,Core Cities
2423,Core Cities
2424,Core Cities
2425,Core Cities
2426,Core Cities
2427,Core Cities
2428,Core Cities
2429,Core Cities
2430,Core Cities
2431,Core Cities
2432,Core Cities
2433,Core Cities
2434,Cities and Towns
2435,Cities and Towns
2436,Cities and Towns
2437,Cities and Towns
2438,Urban Unincorporated
2439,Cities and Towns
2440,Cities and Towns
2441,Cities and Towns
2442,Urban Unincorporated
2443,Core Cities
2444,Core Cities
2445,Core Cities
2446,Core Cities
2447,Core Cities
2448,Core Cities
2449,Core Cities
2450,Core Cities
2451,Core Cities
2452,Core Cities
2453,Core Cities
2454,Core Cities
2455,Core Cities
2456,Core Cities
2457,Core Cities
2458,Core Cities
2459,Core Cities
2460,Core Cities
2461,Core Cities
2462,Core Cities
2463,Core Cities
2464,Core Cities
2465,Core Cities
2466,Core Cities
2467,Core Cities
2468,Core Cities
2469,Core Cities
2470,Core Cities
2471,Core Cities
2472,Core Cities
2473,Core Cities
2474,HCT Communities
2475,HCT Communities
2476,Rural
2477,HCT Communities
2478,HCT Communities
2479,Rural
2480,HCT Communities
2481,HCT Communities
2482,HCT Communities
2483,HCT Communities
2484,Metropolitan Cities
2485,HCT Communities
2486,Metropolitan Cities
2487,Metropolitan Cities
2488,Metropolitan Cities
2489,Metropolitan Cities
2490,Metropolitan Cities
2491,Metropolitan Cities
2492,Metropolitan Cities
2493,Metropolitan Cities
2494,Metropolitan Cities
2495,Metropolitan Cities
2496,Metropolitan Cities
2497,Metropolitan Cities
2498,Metropolitan Cities
2499,Metropolitan Cities
2500,Metropolitan Cities
2501,Metropolitan Cities
2502,Metropolitan Cities
2503,Metropolitan Cities
2504,Metropolitan Cities
2505,Metropolitan Cities
2506,Metropolitan Cities
2507,Metropolitan Cities
2508,Metropolitan Cities
2509,Metropolitan Cities
2510,Metropolitan Cities
2511,Metropolitan Cities
2512,Metropolitan Cities
2513,Metropolitan Cities
2514,Metropolitan Cities
2515,Metropolitan Cities
2516,Metropolitan Cities
2517,Metropolitan Cities
2518,Metropolitan Cities
2519,Metropolitan Cities
2520,Metropolitan Cities
2521,Metropolitan Cities
2522,Metropolitan Cities
2523,Metropolitan Cities
2524,HCT Communities
2525,HCT Communities
2526,Metropolitan Cities
2527,HCT Communities
2528,HCT Communities
2529,Metropolitan Cities
2530,HCT Communities
2531,HCT Communities
2532,HCT Communities
2533,HCT Communities
2534,Urban Unincorporated
2535,HCT Communities
2536,Cities and Towns
2537,Cities and Towns
2538,Urban Unincorporated
2539,Cities and Towns
2540,Cities and Towns
2541,Cities and Towns
2542,Cities and Towns
2543,Cities and Towns
2544,Cities and Towns
2545,Cities and Towns
2546,Cities and Towns
2547,Cities and Towns
2548,Cities and Towns
2549,Cities and Towns
2550,Cities and Towns
2551,Cities and Towns
2552,Cities and Towns
2553,Cities and Towns
2554,Cities and Towns
2555,Cities and Towns
2556,Cities and Towns
2557,Cities and Towns
2558,Cities and Towns
2559,HCT Communities
2560,Core Cities
2561,HCT Communities
2562,Core Cities
2563,Urban Unincorporated
2564,Core Cities
2565,Rural
2566,Rural
2567,Rural
2568,Rural
2569,Rural
2570,Rural
2571,Urban Unincorporated
2572,HCT Communities
2573,HCT Communities
2574,HCT Communities
2575,Cities and Towns
2576,Cities and Towns
2577,Cities and Towns
2578,Cities and Towns
2579,HCT Communities
2580,HCT Communities
2581,HCT Communities
2582,HCT Communities
2583,HCT Communities
2584,HCT Communities
2585,HCT Communities
2586,HCT Communities
2587,Rural
2588,Metropolitan Cities
2589,Metropolitan Cities
2590,Metropolitan Cities
2591,Metropolitan Cities
2592,Metropolitan Cities
2593,Metropolitan Cities
2594,Metropolitan Cities
2595,Metropolitan Cities
2596,Metropolitan Cities
2597,Metropolitan Cities
2598,Metropolitan Cities
2599,Metropolitan Cities
2600,Metropolitan Cities
2601,Metropolitan Cities
2602,Metropolitan Cities
2603,Metropolitan Cities
2604,Metropolitan Cities
2605,Metropolitan Cities
2606,Metropolitan Cities
2607,Metropolitan Cities
2608,Metropolitan Cities
2609,Metropolitan Cities
2610,Metropolitan Cities
2611,Metropolitan Cities
2612,Metropolitan Cities
2613,Rural
2614,Rural
2615,Rural
2616,HCT Communities
2617,HCT Communities
2618,Core Cities
2619,Core Cities
2620,Urban Unincorporated
2621,Cities and Towns
2622,Urban Unincorporated
2623,HCT Communities
2624,HCT Communities
2625,HCT Communities
2626,HCT Communities
2627,Rural
2628,Cities and Towns
2629,Cities and Towns
2630,Rural
2631,Rural
2632,Cities and Towns
2633,HCT Communities
2634,HCT Communities
2635,Core Cities
2636,Urban Unincorporated
2637,Urban Unincorporated
2638,Core Cities
2639,Core Cities
2640,Core Cities
2641,Core Cities
2642,Core Cities
2643,Core Cities
2644,Core Cities
2645,Core Cities
2646,Core Cities
2647,Core Cities
2648,Urban Unincorporated
2649,Rural
2650,Rural
2651,Rural
2652,Rural
2653,Metropolitan Cities
2654,Metropolitan Cities
2655,Metropolitan Cities
2656,Metropolitan Cities
2657,Metropolitan Cities
2658,Metropolitan Cities
2659,Metropolitan Cities
2660,Metropolitan Cities
2661,Metropolitan Cities
2662,Metropolitan Cities
2663,Metropolitan Cities
2664,Metropolitan Cities
2665,Metropolitan Cities
2666,Metropolitan Cities
2667,Metropolitan Cities
2668,Metropolitan Cities
2669,Metropolitan Cities
2670,Metropolitan Cities
2671,Metropolitan Cities
2672,Metropolitan Cities
2673,HCT Communities
2674,HCT Communities
2675,HCT Communities
2676,HCT Communities
2677,HCT Communities
2678,HCT Communities
2679,Rural
2680,Rural
2681,Rural
2682,Rural
2683,Core Cities
2684,Core Cities
2685,Core Cities
2686,Core Cities
2687,Core Cities
2688,Core Cities
2689,Core Cities
2690,Core Cities
2691,Core Cities
2692,Core Cities
2693,HCT Communities
2694,Rural
2695,Core Cities
2696,Rural
2697,Rural
2698,Cities and Towns
2699,Urban Unincorporated
2700,Cities and Towns
2701,Rural
2702,Rural
2703,Cities and Towns
2704,Cities and Towns
2705,Rural
2706,Cities and Towns
2707,Rural
2708,Rural
2709,Rural
2710,Urban Unincorporated
2711,Cities and Towns
2712,Cities and Towns
2713,Cities and Towns
2714,Rural
2715,Urban Unincorporated
2716,Core Cities
2717,Core Cities
2718,Core Cities
2719,Core Cities
2720,Core Cities
2721,Core Cities
2722,Urban Unincorporated
2723,Rural
2724,Rural
2725,Urban Unincorporated
2726,Rural
2727,Rural
2728,HCT Communities
2729,HCT Communities
2730,Rural
2731,HCT Communities
2732,HCT Communities
2733,HCT Communities
2734,HCT Communities
2735,HCT Communities
2736,HCT Communities
2737,HCT Communities
2738,HCT Communities
2739,HCT Communities
2740,HCT Communities
2741,HCT Communities
2742,HCT Communities
2743,HCT Communities
2744,HCT Communities
2745,HCT Communities
2746,Core Cities
2747,Core Cities
2748,Core Cities
2749,Urban Unincorporated
2750,Core Cities
2751,Urban Unincorporated
2752,Urban Unincorporated
2753,Urban Unincorporated
2754,Urban Unincorporated
2755,Urban Unincorporated
2756,Urban Unincorporated
2757,Urban Unincorporated
2758,Urban Unincorporated
2759,Urban Unincorporated
2760,Urban Unincorporated
2761,HCT Communities
2762,HCT Communities
2763,HCT Communities
2764,HCT Communities
2765,HCT Communities
2766,HCT Communities
2767,HCT Communities
2768,HCT Communities
2769,HCT Communities
2770,HCT Communities
2771,HCT Communities
2772,Rural
2773,Rural
2774,Urban Unincorporated
2775,Urban Unincorporated
2776,Urban Unincorporated
2777,Urban Unincorporated
2778,Core Cities
2779,Urban Unincorporated
2780,Urban Unincorporated
2781,Urban Unincorporated
2782,Urban Unincorporated
2783,Urban Unincorporated
2784,Urban Unincorporated
2785,Urban Unincorporated
2786,Urban Unincorporated
2787,Urban Unincorporated
2788,Urban Unincorporated
2789,Urban Unincorporated
2790,Rural
2791,Rural
2792,HCT Communities
2793,HCT Communities
2794,HCT Communities
2795,HCT Communities
2796,HCT Communities
2797,HCT Communities
2798,HCT Communities
2799,HCT Communities
2800,HCT Communities
2801,HCT Communities
2802,HCT Communities
2803,HCT Communities
2804,HCT Communities
2805,HCT Communities
2806,Urban Unincorporated
2807,Urban Unincorporated
2808,Urban Unincorporated
2809,Urban Unincorporated
2810,Urban Unincorporated
2811,Urban Unincorporated
2812,Urban Unincorporated
2813,Urban Unincorporated
2814,Urban Unincorporated
2815,Rural
2816,Cities and Towns
2817,Rural
2818,Urban Unincorporated
2819,Rural
2820,Rural
2821,Rural
2822,Cities and Towns
2823,Rural
2824,Rural
2825,Cities and Towns
2826,Rural
2827,Urban Unincorporated
2828,Urban Unincorporated
2829,Rural
2830,Urban Unincorporated
2831,Rural
2832,Urban Unincorporated
2833,Urban Unincorporated
2834,Rural
2835,Urban Unincorporated
2836,Urban Unincorporated
2837,Urban Unincorporated
2838,Urban Unincorporated
2839,Urban Unincorporated
2840,Rural
2841,Rural
2842,Rural
2843,Rural
2844,Rural
2845,Rural
2846,Rural
2847,Rural
2848,Rural
2849,Rural
2850,Rural
2851,Rural
2852,Rural
2853,Rural
2854,Rural
2855,Rural
2856,Rural
2857,Rural
2858,Rural
2859,Rural
2860,Rural
2861,Cities and Towns
2862,Rural
2863,Rural
2864,Rural
2865,Rural
2866,Rural
2867,Rural
2868,Cities and Towns
2869,Rural
2870,Rural
2871,Rural
2872,Rural
2873,HCT Communities
2874,Rural
2875,HCT Communities
2876,Rural
2877,Rural
2878,HCT Communities
2879,Rural
2880,Rural
2881,HCT Communities
2882,Rural
2883,Rural
2884,Core Cities
2885,Core Cities
2886,Rural
2887,Core Cities
2888,Core Cities
2889,Core Cities
2890,Core Cities
2891,Rural
2892,HCT Communities
2893,Core Cities
2894,Rural
2895,Rural
2896,Rural
2897,Rural
2898,Rural
2899,Rural
2900,Rural
2901,Metropolitan Cities
2902,HCT Communities
2903,HCT Communities
2904,Metropolitan Cities
2905,Urban Unincorporated
2906,Urban Unincorporated
2907,Metropolitan Cities
2908,Metropolitan Cities
2909,Metropolitan Cities
2910,Urban Unincorporated
2911,Metropolitan Cities
2912,Metropolitan Cities
2913,Metropolitan Cities
2914,Metropolitan Cities
2915,Metropolitan Cities
2916,Urban Unincorporated
2917,Rural
2918,Rural
2919,Rural
2920,Rural
2921,Rural
2922,Rural
2923,Rural
2924,Rural
2925,Urban Unincorporated
2926,Urban Unincorporated
2927,Urban Unincorporated
2928,Urban Unincorporated
2929,HCT Communities
2930,HCT Communities
2931,HCT Communities
2932,HCT Communities
2933,HCT Communities
2934,HCT Communities
2935,Metropolitan Cities
2936,Rural
2937,Rural
2938,HCT Communities
2939,HCT Communities
2940,HCT Communities
2941,Urban Unincorporated
2942,Urban Unincorporated
2943,Urban Unincorporated
2944,Rural
2945,Rural
2946,Rural
2947,Rural
2948,Urban Unincorporated
2949,Urban Unincorporated
2950,Rural
2951,Rural
2952,Rural
2953,HCT Communities
2954,Rural
2955,Rural
2956,Rural
2957,Rural
2958,Rural
2959,Rural
2960,Rural
2961,Rural
2962,Rural
2963,Rural
2964,Rural
2965,Rural
2966,HCT Communities
2967,HCT Communities
2968,HCT Communities
2969,HCT Communities
2970,HCT Communities
